package_name,version,role,declared_in,usage_tier,files_with_import,import_edges,distinct_import_paths,top_import_paths
adler2,2.0.1,transitive,,transitive-only,0,0,0,
ahash,0.8.12,transitive,,transitive-only,0,0,0,
aho-corasick,1.1.4,transitive,,transitive-only,0,0,0,
alloc-no-stdlib,2.0.4,transitive,,transitive-only,0,0,0,
alloc-stdlib,0.2.2,transitive,,transitive-only,0,0,0,
alloca,0.4.0,transitive,,transitive-only,0,0,0,
allocator-api2,0.2.21,transitive,,transitive-only,0,0,0,
android_system_properties,0.1.5,transitive,,transitive-only,0,0,0,
anes,0.1.6,transitive,,transitive-only,0,0,0,
anstream,1.0.0,transitive,,transitive-only,0,0,0,
anstyle,1.0.14,transitive,,transitive-only,0,0,0,
anstyle-parse,1.0.0,transitive,,transitive-only,0,0,0,
anstyle-query,1.1.5,transitive,,transitive-only,0,0,0,
anstyle-wincon,3.0.11,transitive,,transitive-only,0,0,0,
anyhow,1.0.102,direct,"cortex-cli,cortex-graph,cortex-mcp,cortex-pipeline,cortex-vector",direct-investigate-machete-mismatch,4,10,8,"anyhow::Result | anyhow:: | anyhow:: {Context, Result} | anyhow::Context | anyhow::Result | anyhow:: | anyhow:: {Context, Result} | anyhow::Context"
approx,0.5.1,transitive,,transitive-only,0,0,0,
arc-swap,1.9.1,transitive,,transitive-only,0,0,0,
arcstr,1.2.0,transitive,,transitive-only,0,0,0,
arrayref,0.3.9,transitive,,transitive-only,0,0,0,
arrayvec,0.7.6,transitive,,transitive-only,0,0,0,
arrow,57.3.1,transitive,,transitive-only,0,0,0,
arrow-arith,57.3.1,transitive,,transitive-only,0,0,0,
arrow-array,57.3.1,direct,cortex-vector,source-referenced,1,8,8,"arrow_array:: | arrow_array:: {Array, ArrayRef, FixedSizeListArray, Float32Array, Int64Array, RecordBatch, RecordBatchIterator, StringArray} | arrow_array::builder::FixedSizeListBuilder | arrow_array::builder::Float32Builder | arrow_array:: | arrow_array:: {Array, ArrayRef, FixedSizeListArray, Float32Array, Int64Array, RecordBatch, RecordBatchIterator, StringArray} | arrow_array::builder::FixedSizeListBuilder | arrow_array::builder::Float32Builder"
arrow-buffer,57.3.1,transitive,,transitive-only,0,0,0,
arrow-cast,57.3.1,transitive,,transitive-only,0,0,0,
arrow-csv,57.3.1,transitive,,transitive-only,0,0,0,
arrow-data,57.3.1,transitive,,transitive-only,0,0,0,
arrow-ipc,57.3.1,transitive,,transitive-only,0,0,0,
arrow-json,57.3.1,transitive,,transitive-only,0,0,0,
arrow-ord,57.3.1,transitive,,transitive-only,0,0,0,
arrow-row,57.3.1,transitive,,transitive-only,0,0,0,
arrow-schema,57.3.1,direct,cortex-vector,source-referenced,1,4,4,"arrow_schema:: | arrow_schema:: {DataType, Field, Schema, SchemaRef} | arrow_schema:: | arrow_schema:: {DataType, Field, Schema, SchemaRef}"
arrow-select,57.3.1,transitive,,transitive-only,0,0,0,
arrow-string,57.3.1,transitive,,transitive-only,0,0,0,
ascii-canvas,3.0.0,transitive,,transitive-only,0,0,0,
assert-json-diff,2.0.2,transitive,,transitive-only,0,0,0,
astral-tokio-tar,0.6.2,transitive,,transitive-only,0,0,0,
async-attributes,1.1.2,transitive,,transitive-only,0,0,0,
async-channel,1.9.0,transitive,,transitive-only,0,0,0,
async-channel,2.5.0,transitive,,transitive-only,0,0,0,
async-compression,0.4.42,transitive,,transitive-only,0,0,0,
async-executor,1.14.0,transitive,,transitive-only,0,0,0,
async-global-executor,2.4.1,transitive,,transitive-only,0,0,0,
async-io,2.6.0,transitive,,transitive-only,0,0,0,
async-lock,3.4.2,transitive,,transitive-only,0,0,0,
async-object-pool,0.1.5,transitive,,transitive-only,0,0,0,
async-process,2.5.0,transitive,,transitive-only,0,0,0,
async-recursion,1.1.1,transitive,,transitive-only,0,0,0,
async-signal,0.2.14,transitive,,transitive-only,0,0,0,
async-std,1.13.2,transitive,,transitive-only,0,0,0,
async-stream,0.3.6,transitive,,transitive-only,0,0,0,
async-stream-impl,0.3.6,transitive,,transitive-only,0,0,0,
async-task,4.7.1,transitive,,transitive-only,0,0,0,
async-trait,0.1.89,direct,"cortex-graph,cortex-pipeline,cortex-vector",source-referenced,6,12,2,async_trait::async_trait | async_trait::async_trait
async_cell,0.2.3,transitive,,transitive-only,0,0,0,
atoi,2.0.0,transitive,,transitive-only,0,0,0,
atomic-waker,1.1.2,transitive,,transitive-only,0,0,0,
autocfg,1.5.1,transitive,,transitive-only,0,0,0,
aws-lc-rs,1.17.0,transitive,,transitive-only,0,0,0,
aws-lc-sys,0.41.0,transitive,,transitive-only,0,0,0,
axum,0.8.9,direct,cortex-mcp,source-referenced,1,26,26,"axum:: | axum:: {Router, routing::any_service} | axum::extract::Extension | axum::extract::Request | axum::extract::ws:: | axum::extract::ws:: {Message, WebSocket, WebSocketUpgrade} | axum::http:: | axum::http:: {HeaderMap, StatusCode} | axum::middleware:: | axum::middleware:: {Next, from_fn}"
axum-core,0.5.6,transitive,,transitive-only,0,0,0,
backoff,0.4.0,transitive,,transitive-only,0,0,0,
backon,1.6.0,transitive,,transitive-only,0,0,0,
base64,0.21.7,transitive,,transitive-only,0,0,0,
base64,0.22.1,transitive,,transitive-only,0,0,0,
basic-cookies,0.1.5,transitive,,transitive-only,0,0,0,
bigdecimal,0.4.10,transitive,,transitive-only,0,0,0,
bincode,2.0.1,transitive,,transitive-only,0,0,0,
bincode_derive,2.0.1,transitive,,transitive-only,0,0,0,
bindgen,0.72.1,transitive,,transitive-only,0,0,0,
bit-set,0.5.3,transitive,,transitive-only,0,0,0,
bit-set,0.8.0,transitive,,transitive-only,0,0,0,
bit-vec,0.6.3,transitive,,transitive-only,0,0,0,
bit-vec,0.8.0,transitive,,transitive-only,0,0,0,
bitflags,1.3.2,transitive,,transitive-only,0,0,0,
bitflags,2.11.1,transitive,,transitive-only,0,0,0,
bitpacking,0.9.3,transitive,,transitive-only,0,0,0,
bitvec,1.0.1,transitive,,transitive-only,0,0,0,
blake2,0.10.6,transitive,,transitive-only,0,0,0,
blake3,1.8.5,direct,cortex-indexer,direct-no-source-imports,0,0,0,
block-buffer,0.10.4,transitive,,transitive-only,0,0,0,
blocking,1.6.2,transitive,,transitive-only,0,0,0,
bollard,0.20.2,transitive,,transitive-only,0,0,0,
bollard-buildkit-proto,0.7.0,transitive,,transitive-only,0,0,0,
bollard-stubs,1.52.1-rc.29.1.3,transitive,,transitive-only,0,0,0,
bon,3.9.1,transitive,,transitive-only,0,0,0,
bon-macros,3.9.1,transitive,,transitive-only,0,0,0,
borrow-or-share,0.2.4,transitive,,transitive-only,0,0,0,
brotli,8.0.2,transitive,,transitive-only,0,0,0,
brotli-decompressor,5.0.0,transitive,,transitive-only,0,0,0,
bs58,0.5.1,transitive,,transitive-only,0,0,0,
bstr,1.12.1,transitive,,transitive-only,0,0,0,
bumpalo,3.20.3,transitive,,transitive-only,0,0,0,
bytecount,0.6.9,transitive,,transitive-only,0,0,0,
bytemuck,1.25.0,transitive,,transitive-only,0,0,0,
byteorder,1.5.0,transitive,,transitive-only,0,0,0,
bytes,1.11.1,transitive,,transitive-only,0,0,0,
cast,0.3.0,transitive,,transitive-only,0,0,0,
cc,1.2.62,transitive,,transitive-only,0,0,0,
census,0.4.2,transitive,,transitive-only,0,0,0,
cexpr,0.6.0,transitive,,transitive-only,0,0,0,
cfg-if,1.0.4,transitive,,transitive-only,0,0,0,
cfg_aliases,0.2.1,transitive,,transitive-only,0,0,0,
chacha20,0.10.0,transitive,,transitive-only,0,0,0,
chrono,0.4.44,direct,"cortex-core,cortex-graph,cortex-vector,cortex-watcher",direct-investigate-machete-mismatch,5,18,8,"chrono:: | chrono:: {DateTime, Utc} | chrono:: {DateTime, Duration, Utc} | chrono::Utc | chrono:: | chrono:: {DateTime, Utc} | chrono:: {DateTime, Duration, Utc} | chrono::Utc"
chrono-tz,0.8.6,transitive,,transitive-only,0,0,0,
chrono-tz,0.10.4,transitive,,transitive-only,0,0,0,
chrono-tz-build,0.2.1,transitive,,transitive-only,0,0,0,
ciborium,0.2.2,transitive,,transitive-only,0,0,0,
ciborium-io,0.2.2,transitive,,transitive-only,0,0,0,
ciborium-ll,0.2.2,transitive,,transitive-only,0,0,0,
clang-sys,1.8.1,transitive,,transitive-only,0,0,0,
clap,4.6.1,direct,cortex-cli,source-referenced,1,66,8,"clap::Parser | clap::CommandFactory | clap:: | clap:: {Args, CommandFactory, Parser, Subcommand, ValueEnum} | clap::Parser | clap::CommandFactory | clap:: | clap:: {Args, CommandFactory, Parser, Subcommand, ValueEnum}"
clap_builder,4.6.0,transitive,,transitive-only,0,0,0,
clap_complete,4.6.5,direct,cortex-cli,source-referenced,1,4,4,"clap_complete:: | clap_complete:: {Shell, generate} | clap_complete:: | clap_complete:: {Shell, generate}"
clap_derive,4.6.1,transitive,,transitive-only,0,0,0,
clap_lex,1.1.0,transitive,,transitive-only,0,0,0,
clipboard-win,5.4.1,transitive,,transitive-only,0,0,0,
cmake,0.1.58,transitive,,transitive-only,0,0,0,
colorchoice,1.0.5,transitive,,transitive-only,0,0,0,
combine,4.6.7,transitive,,transitive-only,0,0,0,
comfy-table,7.2.2,direct,cortex-cli,source-referenced,1,4,4,"comfy_table:: | comfy_table:: {Cell, Color, ContentArrangement, Table, presets::UTF8_FULL} | comfy_table:: | comfy_table:: {Cell, Color, ContentArrangement, Table, presets::UTF8_FULL}"
compression-codecs,0.4.38,transitive,,transitive-only,0,0,0,
compression-core,0.4.32,transitive,,transitive-only,0,0,0,
concurrent-queue,2.5.0,transitive,,transitive-only,0,0,0,
console,0.16.3,transitive,,transitive-only,0,0,0,
const-random,0.1.18,transitive,,transitive-only,0,0,0,
const-random-macro,0.1.16,transitive,,transitive-only,0,0,0,
constant_time_eq,0.4.2,transitive,,transitive-only,0,0,0,
core-foundation,0.9.4,transitive,,transitive-only,0,0,0,
core-foundation,0.10.1,transitive,,transitive-only,0,0,0,
core-foundation-sys,0.8.7,transitive,,transitive-only,0,0,0,
cpufeatures,0.2.17,transitive,,transitive-only,0,0,0,
cpufeatures,0.3.0,transitive,,transitive-only,0,0,0,
crc32fast,1.5.0,transitive,,transitive-only,0,0,0,
criterion,0.8.2,direct,"cortex-benches,cortex-parser",source-referenced,5,20,6,"criterion:: | criterion:: {BenchmarkId, Criterion, Throughput, black_box, criterion_group, criterion_main} | criterion:: {Criterion, criterion_group, criterion_main} | criterion:: | criterion:: {BenchmarkId, Criterion, Throughput, black_box, criterion_group, criterion_main} | criterion:: {Criterion, criterion_group, criterion_main}"
criterion-plot,0.8.2,transitive,,transitive-only,0,0,0,
crossbeam,0.8.4,transitive,,transitive-only,0,0,0,
crossbeam-channel,0.5.15,transitive,,transitive-only,0,0,0,
crossbeam-deque,0.8.6,transitive,,transitive-only,0,0,0,
crossbeam-epoch,0.9.18,transitive,,transitive-only,0,0,0,
crossbeam-queue,0.3.12,transitive,,transitive-only,0,0,0,
crossbeam-utils,0.8.21,transitive,,transitive-only,0,0,0,
crossterm,0.29.0,transitive,,transitive-only,0,0,0,
crossterm_winapi,0.9.1,transitive,,transitive-only,0,0,0,
crunchy,0.2.4,transitive,,transitive-only,0,0,0,
crypto-common,0.1.7,transitive,,transitive-only,0,0,0,
csv,1.4.0,transitive,,transitive-only,0,0,0,
csv-core,0.1.13,transitive,,transitive-only,0,0,0,
darling,0.23.0,transitive,,transitive-only,0,0,0,
darling_core,0.23.0,transitive,,transitive-only,0,0,0,
darling_macro,0.23.0,transitive,,transitive-only,0,0,0,
dashmap,6.2.1,direct,"cortex-mcp,cortex-watcher",source-referenced,3,6,2,dashmap::DashMap | dashmap::DashMap
data-encoding,2.11.0,transitive,,transitive-only,0,0,0,
datafusion,51.0.0,transitive,,transitive-only,0,0,0,
datafusion-catalog,51.0.0,transitive,,transitive-only,0,0,0,
datafusion-catalog-listing,51.0.0,transitive,,transitive-only,0,0,0,
datafusion-common,51.0.0,transitive,,transitive-only,0,0,0,
datafusion-common-runtime,51.0.0,transitive,,transitive-only,0,0,0,
datafusion-datasource,51.0.0,transitive,,transitive-only,0,0,0,
datafusion-datasource-arrow,51.0.0,transitive,,transitive-only,0,0,0,
datafusion-datasource-csv,51.0.0,transitive,,transitive-only,0,0,0,
datafusion-datasource-json,51.0.0,transitive,,transitive-only,0,0,0,
datafusion-doc,51.0.0,transitive,,transitive-only,0,0,0,
datafusion-execution,51.0.0,transitive,,transitive-only,0,0,0,
datafusion-expr,51.0.0,transitive,,transitive-only,0,0,0,
datafusion-expr-common,51.0.0,transitive,,transitive-only,0,0,0,
datafusion-functions,51.0.0,transitive,,transitive-only,0,0,0,
datafusion-functions-aggregate,51.0.0,transitive,,transitive-only,0,0,0,
datafusion-functions-aggregate-common,51.0.0,transitive,,transitive-only,0,0,0,
datafusion-functions-nested,51.0.0,transitive,,transitive-only,0,0,0,
datafusion-functions-table,51.0.0,transitive,,transitive-only,0,0,0,
datafusion-functions-window,51.0.0,transitive,,transitive-only,0,0,0,
datafusion-functions-window-common,51.0.0,transitive,,transitive-only,0,0,0,
datafusion-macros,51.0.0,transitive,,transitive-only,0,0,0,
datafusion-optimizer,51.0.0,transitive,,transitive-only,0,0,0,
datafusion-physical-expr,51.0.0,transitive,,transitive-only,0,0,0,
datafusion-physical-expr-adapter,51.0.0,transitive,,transitive-only,0,0,0,
datafusion-physical-expr-common,51.0.0,transitive,,transitive-only,0,0,0,
datafusion-physical-optimizer,51.0.0,transitive,,transitive-only,0,0,0,
datafusion-physical-plan,51.0.0,transitive,,transitive-only,0,0,0,
datafusion-pruning,51.0.0,transitive,,transitive-only,0,0,0,
datafusion-session,51.0.0,transitive,,transitive-only,0,0,0,
datafusion-sql,51.0.0,transitive,,transitive-only,0,0,0,
deadpool,0.9.5,transitive,,transitive-only,0,0,0,
deadpool-runtime,0.1.4,transitive,,transitive-only,0,0,0,
deepsize,0.2.0,transitive,,transitive-only,0,0,0,
deepsize_derive,0.1.2,transitive,,transitive-only,0,0,0,
delegate,0.10.0,transitive,,transitive-only,0,0,0,
deranged,0.5.8,transitive,,transitive-only,0,0,0,
dialoguer,0.12.0,direct,cortex-cli,source-referenced,1,4,4,"dialoguer:: | dialoguer:: {Confirm, Input, Select} | dialoguer:: | dialoguer:: {Confirm, Input, Select}"
digest,0.10.7,transitive,,transitive-only,0,0,0,
dirs,5.0.1,direct,cortex-indexer,direct-no-source-imports,0,0,0,
dirs,6.0.0,direct,cortex-indexer,direct-no-source-imports,0,0,0,
dirs-next,2.0.0,transitive,,transitive-only,0,0,0,
dirs-sys,0.4.1,transitive,,transitive-only,0,0,0,
dirs-sys,0.5.0,transitive,,transitive-only,0,0,0,
dirs-sys-next,0.1.2,transitive,,transitive-only,0,0,0,
displaydoc,0.2.6,transitive,,transitive-only,0,0,0,
docker_credential,1.4.0,transitive,,transitive-only,0,0,0,
document-features,0.2.12,transitive,,transitive-only,0,0,0,
dotenvy,0.15.7,direct,cortex-cli,direct-unused-candidate,0,0,0,
downcast-rs,2.0.2,transitive,,transitive-only,0,0,0,
dunce,1.0.5,transitive,,transitive-only,0,0,0,
dyn-clone,1.0.20,transitive,,transitive-only,0,0,0,
earcutr,0.4.3,transitive,,transitive-only,0,0,0,
either,1.16.0,transitive,,transitive-only,0,0,0,
email_address,0.2.9,transitive,,transitive-only,0,0,0,
ena,0.14.4,transitive,,transitive-only,0,0,0,
encode_unicode,1.0.0,transitive,,transitive-only,0,0,0,
encoding_rs,0.8.35,transitive,,transitive-only,0,0,0,
endian-type,0.1.2,transitive,,transitive-only,0,0,0,
equivalent,1.0.2,transitive,,transitive-only,0,0,0,
errno,0.3.14,transitive,,transitive-only,0,0,0,
error-code,3.3.2,transitive,,transitive-only,0,0,0,
etcetera,0.11.0,transitive,,transitive-only,0,0,0,
ethnum,1.5.3,transitive,,transitive-only,0,0,0,
event-listener,2.5.3,transitive,,transitive-only,0,0,0,
event-listener,5.4.1,transitive,,transitive-only,0,0,0,
event-listener-strategy,0.5.4,transitive,,transitive-only,0,0,0,
fallible-iterator,0.3.0,transitive,,transitive-only,0,0,0,
fallible-streaming-iterator,0.1.9,transitive,,transitive-only,0,0,0,
fancy-regex,0.17.0,transitive,,transitive-only,0,0,0,
fast-float2,0.2.3,transitive,,transitive-only,0,0,0,
fastdivide,0.4.2,transitive,,transitive-only,0,0,0,
fastrand,2.4.1,transitive,,transitive-only,0,0,0,
fd-lock,4.0.4,transitive,,transitive-only,0,0,0,
ferroid,2.0.0,transitive,,transitive-only,0,0,0,
filetime,0.2.29,transitive,,transitive-only,0,0,0,
find-msvc-tools,0.1.9,transitive,,transitive-only,0,0,0,
fixedbitset,0.4.2,transitive,,transitive-only,0,0,0,
fixedbitset,0.5.7,transitive,,transitive-only,0,0,0,
flatbuffers,25.12.19,transitive,,transitive-only,0,0,0,
flate2,1.1.9,transitive,,transitive-only,0,0,0,
float_next_after,1.0.0,transitive,,transitive-only,0,0,0,
fluent-uri,0.4.1,transitive,,transitive-only,0,0,0,
fnv,1.0.7,transitive,,transitive-only,0,0,0,
foldhash,0.1.5,transitive,,transitive-only,0,0,0,
foldhash,0.2.0,transitive,,transitive-only,0,0,0,
form_urlencoded,1.2.2,transitive,,transitive-only,0,0,0,
fraction,0.15.4,transitive,,transitive-only,0,0,0,
fs2,0.4.3,transitive,,transitive-only,0,0,0,
fs4,0.8.4,transitive,,transitive-only,0,0,0,
fs_extra,1.3.0,transitive,,transitive-only,0,0,0,
fsevent-sys,4.1.0,transitive,,transitive-only,0,0,0,
fsst,2.0.0,transitive,,transitive-only,0,0,0,
fst,0.4.7,transitive,,transitive-only,0,0,0,
funty,2.0.0,transitive,,transitive-only,0,0,0,
futures,0.3.32,direct,cortex-vector,source-referenced,1,4,2,futures::StreamExt | futures::StreamExt
futures-channel,0.3.32,transitive,,transitive-only,0,0,0,
futures-core,0.3.32,transitive,,transitive-only,0,0,0,
futures-executor,0.3.32,transitive,,transitive-only,0,0,0,
futures-io,0.3.32,transitive,,transitive-only,0,0,0,
futures-lite,2.6.1,transitive,,transitive-only,0,0,0,
futures-macro,0.3.32,transitive,,transitive-only,0,0,0,
futures-sink,0.3.32,transitive,,transitive-only,0,0,0,
futures-task,0.3.32,transitive,,transitive-only,0,0,0,
futures-timer,3.0.4,transitive,,transitive-only,0,0,0,
futures-util,0.3.32,direct,"cortex-cli,cortex-mcp",source-referenced,2,12,6,"futures_util:: | futures_util:: {SinkExt, StreamExt} | futures_util:: {SinkExt, StreamExt, future} | futures_util:: | futures_util:: {SinkExt, StreamExt} | futures_util:: {SinkExt, StreamExt, future}"
fxhash,0.2.1,transitive,,transitive-only,0,0,0,
generator,0.8.8,transitive,,transitive-only,0,0,0,
generic-array,0.14.7,transitive,,transitive-only,0,0,0,
geo,0.31.0,transitive,,transitive-only,0,0,0,
geo-traits,0.3.0,transitive,,transitive-only,0,0,0,
geo-types,0.7.19,transitive,,transitive-only,0,0,0,
geoarrow-array,0.7.0,transitive,,transitive-only,0,0,0,
geoarrow-expr-geo,0.7.0,transitive,,transitive-only,0,0,0,
geoarrow-schema,0.7.0,transitive,,transitive-only,0,0,0,
geodatafusion,0.2.0,transitive,,transitive-only,0,0,0,
geographiclib-rs,0.2.7,transitive,,transitive-only,0,0,0,
geohash,0.13.2,transitive,,transitive-only,0,0,0,
getrandom,0.2.17,transitive,,transitive-only,0,0,0,
getrandom,0.3.4,transitive,,transitive-only,0,0,0,
getrandom,0.4.2,transitive,,transitive-only,0,0,0,
glob,0.3.3,direct,"cortex-analyzer,cortex-cli",direct-no-source-imports,0,0,0,
globset,0.4.18,transitive,,transitive-only,0,0,0,
gloo-timers,0.3.0,transitive,,transitive-only,0,0,0,
grafeo,0.5.42,direct,cortex-graph,source-referenced,2,8,6,"grafeo:: | grafeo:: {Config, GrafeoDB} | grafeo:: {GrafeoDB, NodeId, Session, Value} | grafeo:: | grafeo:: {Config, GrafeoDB} | grafeo:: {GrafeoDB, NodeId, Session, Value}"
grafeo-adapters,0.5.42,transitive,,transitive-only,0,0,0,
grafeo-common,0.5.42,transitive,,transitive-only,0,0,0,
grafeo-core,0.5.42,transitive,,transitive-only,0,0,0,
grafeo-engine,0.5.42,transitive,,transitive-only,0,0,0,
grafeo-storage,0.5.42,transitive,,transitive-only,0,0,0,
h2,0.4.14,transitive,,transitive-only,0,0,0,
half,2.7.1,transitive,,transitive-only,0,0,0,
hash32,0.3.1,transitive,,transitive-only,0,0,0,
hashbrown,0.12.3,transitive,,transitive-only,0,0,0,
hashbrown,0.14.5,transitive,,transitive-only,0,0,0,
hashbrown,0.15.5,transitive,,transitive-only,0,0,0,
hashbrown,0.16.1,transitive,,transitive-only,0,0,0,
hashbrown,0.17.1,transitive,,transitive-only,0,0,0,
hashlink,0.11.0,transitive,,transitive-only,0,0,0,
heapless,0.8.0,transitive,,transitive-only,0,0,0,
heck,0.5.0,transitive,,transitive-only,0,0,0,
hermit-abi,0.5.2,transitive,,transitive-only,0,0,0,
hex,0.4.3,transitive,,transitive-only,0,0,0,
home,0.5.12,transitive,,transitive-only,0,0,0,
htmlescape,0.3.1,transitive,,transitive-only,0,0,0,
http,0.2.12,transitive,,transitive-only,0,0,0,
http,1.4.1,transitive,,transitive-only,0,0,0,
http-body,0.4.6,transitive,,transitive-only,0,0,0,
http-body,1.0.1,transitive,,transitive-only,0,0,0,
http-body-util,0.1.3,transitive,,transitive-only,0,0,0,
httparse,1.10.1,transitive,,transitive-only,0,0,0,
httpdate,1.0.3,transitive,,transitive-only,0,0,0,
httpmock,0.7.0,direct,cortex-cli,source-referenced,1,4,4,httpmock::Method::GET | httpmock::MockServer | httpmock::Method::GET | httpmock::MockServer
humantime,2.3.0,transitive,,transitive-only,0,0,0,
hyper,0.14.32,transitive,,transitive-only,0,0,0,
hyper,1.9.0,transitive,,transitive-only,0,0,0,
hyper-named-pipe,0.1.0,transitive,,transitive-only,0,0,0,
hyper-rustls,0.27.9,transitive,,transitive-only,0,0,0,
hyper-timeout,0.5.2,transitive,,transitive-only,0,0,0,
hyper-util,0.1.20,transitive,,transitive-only,0,0,0,
hyperlocal,0.9.1,transitive,,transitive-only,0,0,0,
hyperloglogplus,0.4.1,transitive,,transitive-only,0,0,0,
i_float,1.15.0,transitive,,transitive-only,0,0,0,
i_key_sort,0.6.0,transitive,,transitive-only,0,0,0,
i_overlay,4.0.7,transitive,,transitive-only,0,0,0,
i_shape,1.14.0,transitive,,transitive-only,0,0,0,
i_tree,0.16.0,transitive,,transitive-only,0,0,0,
iana-time-zone,0.1.65,transitive,,transitive-only,0,0,0,
iana-time-zone-haiku,0.1.2,transitive,,transitive-only,0,0,0,
icu_collections,2.2.0,transitive,,transitive-only,0,0,0,
icu_locale_core,2.2.0,transitive,,transitive-only,0,0,0,
icu_normalizer,2.2.0,transitive,,transitive-only,0,0,0,
icu_normalizer_data,2.2.0,transitive,,transitive-only,0,0,0,
icu_properties,2.2.0,transitive,,transitive-only,0,0,0,
icu_properties_data,2.2.0,transitive,,transitive-only,0,0,0,
icu_provider,2.2.0,transitive,,transitive-only,0,0,0,
id-arena,2.3.0,transitive,,transitive-only,0,0,0,
ident_case,1.0.1,transitive,,transitive-only,0,0,0,
idna,1.1.0,transitive,,transitive-only,0,0,0,
idna_adapter,1.2.2,transitive,,transitive-only,0,0,0,
ignore,0.4.25,direct,cortex-indexer,source-referenced,1,2,2,ignore::WalkBuilder | ignore::WalkBuilder
indexmap,1.9.3,transitive,,transitive-only,0,0,0,
indexmap,2.14.0,transitive,,transitive-only,0,0,0,
indicatif,0.18.4,direct,cortex-cli,source-referenced,1,4,4,"indicatif:: | indicatif:: {ProgressBar, ProgressStyle} | indicatif:: | indicatif:: {ProgressBar, ProgressStyle}"
inotify,0.11.1,transitive,,transitive-only,0,0,0,
inotify-sys,0.1.5,transitive,,transitive-only,0,0,0,
instant,0.1.13,transitive,,transitive-only,0,0,0,
ipnet,2.12.0,transitive,,transitive-only,0,0,0,
is_terminal_polyfill,1.70.2,transitive,,transitive-only,0,0,0,
itertools,0.11.0,transitive,,transitive-only,0,0,0,
itertools,0.13.0,transitive,,transitive-only,0,0,0,
itertools,0.14.0,transitive,,transitive-only,0,0,0,
itoa,1.0.18,transitive,,transitive-only,0,0,0,
jiff,0.2.27,transitive,,transitive-only,0,0,0,
jiff-static,0.2.27,transitive,,transitive-only,0,0,0,
jiff-tzdb,0.1.6,transitive,,transitive-only,0,0,0,
jiff-tzdb-platform,0.1.3,transitive,,transitive-only,0,0,0,
jni,0.22.4,transitive,,transitive-only,0,0,0,
jni-macros,0.22.4,transitive,,transitive-only,0,0,0,
jni-sys,0.4.1,transitive,,transitive-only,0,0,0,
jni-sys-macros,0.4.1,transitive,,transitive-only,0,0,0,
jobserver,0.1.34,transitive,,transitive-only,0,0,0,
js-sys,0.3.99,transitive,,transitive-only,0,0,0,
jsonb,0.5.6,transitive,,transitive-only,0,0,0,
jsonschema,0.45.1,direct,cortex-mcp,direct-no-source-imports,0,0,0,
kqueue,1.1.1,transitive,,transitive-only,0,0,0,
kqueue-sys,1.1.2,transitive,,transitive-only,0,0,0,
kv-log-macro,1.0.7,transitive,,transitive-only,0,0,0,
lalrpop,0.20.2,transitive,,transitive-only,0,0,0,
lalrpop-util,0.20.2,transitive,,transitive-only,0,0,0,
lance,2.0.0,transitive,,transitive-only,0,0,0,
lance-arrow,2.0.0,transitive,,transitive-only,0,0,0,
lance-bitpacking,2.0.0,transitive,,transitive-only,0,0,0,
lance-core,2.0.0,transitive,,transitive-only,0,0,0,
lance-datafusion,2.0.0,transitive,,transitive-only,0,0,0,
lance-datagen,2.0.0,transitive,,transitive-only,0,0,0,
lance-encoding,2.0.0,transitive,,transitive-only,0,0,0,
lance-file,2.0.0,transitive,,transitive-only,0,0,0,
lance-geo,2.0.0,transitive,,transitive-only,0,0,0,
lance-index,2.0.0,transitive,,transitive-only,0,0,0,
lance-io,2.0.0,transitive,,transitive-only,0,0,0,
lance-linalg,2.0.0,transitive,,transitive-only,0,0,0,
lance-namespace,2.0.0,transitive,,transitive-only,0,0,0,
lance-namespace-impls,2.0.0,transitive,,transitive-only,0,0,0,
lance-namespace-reqwest-client,0.4.5,transitive,,transitive-only,0,0,0,
lance-table,2.0.0,transitive,,transitive-only,0,0,0,
lance-testing,2.0.0,transitive,,transitive-only,0,0,0,
lancedb,0.26.2,direct,cortex-vector,source-referenced,1,8,8,"lancedb::connection::Connection | lancedb::index::Index | lancedb::query:: | lancedb::query:: {ExecutableQuery, QueryBase} | lancedb::connection::Connection | lancedb::index::Index | lancedb::query:: | lancedb::query:: {ExecutableQuery, QueryBase}"
lazy_static,1.5.0,transitive,,transitive-only,0,0,0,
leb128fmt,0.1.0,transitive,,transitive-only,0,0,0,
levenshtein,1.0.5,transitive,,transitive-only,0,0,0,
levenshtein_automata,0.2.1,transitive,,transitive-only,0,0,0,
lexical-core,1.0.6,transitive,,transitive-only,0,0,0,
lexical-parse-float,1.0.6,transitive,,transitive-only,0,0,0,
lexical-parse-integer,1.0.6,transitive,,transitive-only,0,0,0,
lexical-util,1.0.7,transitive,,transitive-only,0,0,0,
lexical-write-float,1.0.6,transitive,,transitive-only,0,0,0,
lexical-write-integer,1.0.6,transitive,,transitive-only,0,0,0,
libc,0.2.186,transitive,,transitive-only,0,0,0,
libloading,0.8.9,transitive,,transitive-only,0,0,0,
libm,0.2.16,transitive,,transitive-only,0,0,0,
libredox,0.1.16,transitive,,transitive-only,0,0,0,
libsqlite3-sys,0.36.0,transitive,,transitive-only,0,0,0,
linux-raw-sys,0.4.15,transitive,,transitive-only,0,0,0,
linux-raw-sys,0.12.1,transitive,,transitive-only,0,0,0,
litemap,0.8.2,transitive,,transitive-only,0,0,0,
litrs,1.0.0,transitive,,transitive-only,0,0,0,
lock_api,0.4.14,transitive,,transitive-only,0,0,0,
log,0.4.30,transitive,,transitive-only,0,0,0,
loom,0.7.2,transitive,,transitive-only,0,0,0,
lru,0.12.5,direct,cortex-mcp,direct-unused-candidate,0,0,0,
lru,0.16.4,direct,cortex-mcp,direct-unused-candidate,0,0,0,
lru-slab,0.1.2,transitive,,transitive-only,0,0,0,
lz4,1.28.1,transitive,,transitive-only,0,0,0,
lz4-sys,1.11.1+lz4-1.10.0,transitive,,transitive-only,0,0,0,
lz4_flex,0.11.6,transitive,,transitive-only,0,0,0,
lz4_flex,0.12.2,transitive,,transitive-only,0,0,0,
maplit,1.0.2,transitive,,transitive-only,0,0,0,
matchers,0.2.0,transitive,,transitive-only,0,0,0,
matchit,0.8.4,transitive,,transitive-only,0,0,0,
matrixmultiply,0.3.10,transitive,,transitive-only,0,0,0,
md-5,0.10.6,transitive,,transitive-only,0,0,0,
measure_time,0.9.0,transitive,,transitive-only,0,0,0,
memchr,2.8.1,transitive,,transitive-only,0,0,0,
memmap2,0.9.10,transitive,,transitive-only,0,0,0,
mime,0.3.17,transitive,,transitive-only,0,0,0,
mime_guess,2.0.5,transitive,,transitive-only,0,0,0,
minimal-lexical,0.2.1,transitive,,transitive-only,0,0,0,
miniz_oxide,0.8.9,transitive,,transitive-only,0,0,0,
mio,1.2.0,transitive,,transitive-only,0,0,0,
mock_instant,0.6.0,transitive,,transitive-only,0,0,0,
moka,0.12.15,transitive,,transitive-only,0,0,0,
multimap,0.10.1,transitive,,transitive-only,0,0,0,
murmurhash32,0.3.1,transitive,,transitive-only,0,0,0,
ndarray,0.16.1,transitive,,transitive-only,0,0,0,
neo4rs,0.8.0,direct,cortex-graph,source-referenced,1,4,4,"neo4rs:: | neo4rs:: {ConfigBuilder, Graph, query} | neo4rs:: | neo4rs:: {ConfigBuilder, Graph, query}"
neo4rs-macros,0.3.0,transitive,,transitive-only,0,0,0,
new_debug_unreachable,1.0.6,transitive,,transitive-only,0,0,0,
nibble_vec,0.1.0,transitive,,transitive-only,0,0,0,
nix,0.30.1,transitive,,transitive-only,0,0,0,
nom,7.1.3,transitive,,transitive-only,0,0,0,
nom,8.0.0,transitive,,transitive-only,0,0,0,
notify,8.2.0,direct,cortex-watcher,source-referenced,1,2,2,notify::RecursiveMode | notify::RecursiveMode
notify-debouncer-mini,0.7.0,direct,cortex-watcher,source-referenced,1,4,4,"notify_debouncer_mini:: | notify_debouncer_mini:: {DebounceEventResult, new_debouncer} | notify_debouncer_mini:: | notify_debouncer_mini:: {DebounceEventResult, new_debouncer}"
notify-types,2.1.0,transitive,,transitive-only,0,0,0,
nu-ansi-term,0.50.3,transitive,,transitive-only,0,0,0,
num,0.4.3,transitive,,transitive-only,0,0,0,
num-bigint,0.4.6,transitive,,transitive-only,0,0,0,
num-cmp,0.1.0,transitive,,transitive-only,0,0,0,
num-complex,0.4.6,transitive,,transitive-only,0,0,0,
num-conv,0.2.2,transitive,,transitive-only,0,0,0,
num-integer,0.1.46,transitive,,transitive-only,0,0,0,
num-iter,0.1.45,transitive,,transitive-only,0,0,0,
num-rational,0.4.2,transitive,,transitive-only,0,0,0,
num-traits,0.2.19,transitive,,transitive-only,0,0,0,
num_cpus,1.17.0,transitive,,transitive-only,0,0,0,
num_enum,0.7.6,transitive,,transitive-only,0,0,0,
num_enum_derive,0.7.6,transitive,,transitive-only,0,0,0,
object_store,0.12.5,transitive,,transitive-only,0,0,0,
once_cell,1.21.4,transitive,,transitive-only,0,0,0,
once_cell_polyfill,1.70.2,transitive,,transitive-only,0,0,0,
oneshot,0.1.13,transitive,,transitive-only,0,0,0,
oorandom,11.1.5,transitive,,transitive-only,0,0,0,
openssl-probe,0.1.6,transitive,,transitive-only,0,0,0,
openssl-probe,0.2.1,transitive,,transitive-only,0,0,0,
option-ext,0.2.0,transitive,,transitive-only,0,0,0,
ordered-float,5.3.0,transitive,,transitive-only,0,0,0,
outref,0.5.2,transitive,,transitive-only,0,0,0,
ownedbytes,0.9.0,transitive,,transitive-only,0,0,0,
owo-colors,4.3.0,direct,cortex-cli,source-referenced,3,6,2,owo_colors::OwoColorize | owo_colors::OwoColorize
page_size,0.6.0,transitive,,transitive-only,0,0,0,
parking,2.2.1,transitive,,transitive-only,0,0,0,
parking_lot,0.11.2,direct,cortex-watcher,source-referenced,1,2,2,parking_lot::RwLock | parking_lot::RwLock
parking_lot,0.12.5,direct,cortex-watcher,source-referenced,1,2,2,parking_lot::RwLock | parking_lot::RwLock
parking_lot_core,0.8.6,transitive,,transitive-only,0,0,0,
parking_lot_core,0.9.12,transitive,,transitive-only,0,0,0,
parse-display,0.9.1,transitive,,transitive-only,0,0,0,
parse-display-derive,0.9.1,transitive,,transitive-only,0,0,0,
parse-zoneinfo,0.3.1,transitive,,transitive-only,0,0,0,
paste,1.0.15,transitive,,transitive-only,0,0,0,
pastey,0.2.3,transitive,,transitive-only,0,0,0,
path_abs,0.5.1,transitive,,transitive-only,0,0,0,
percent-encoding,2.3.2,transitive,,transitive-only,0,0,0,
permutation,0.4.1,transitive,,transitive-only,0,0,0,
petgraph,0.6.5,transitive,,transitive-only,0,0,0,
petgraph,0.8.3,transitive,,transitive-only,0,0,0,
phf,0.11.3,transitive,,transitive-only,0,0,0,
phf,0.12.1,transitive,,transitive-only,0,0,0,
phf_codegen,0.11.3,transitive,,transitive-only,0,0,0,
phf_generator,0.11.3,transitive,,transitive-only,0,0,0,
phf_shared,0.11.3,transitive,,transitive-only,0,0,0,
phf_shared,0.12.1,transitive,,transitive-only,0,0,0,
pico-args,0.5.0,transitive,,transitive-only,0,0,0,
pin-project,1.1.13,transitive,,transitive-only,0,0,0,
pin-project-internal,1.1.13,transitive,,transitive-only,0,0,0,
pin-project-lite,0.2.17,transitive,,transitive-only,0,0,0,
pin-utils,0.1.0,transitive,,transitive-only,0,0,0,
piper,0.2.5,transitive,,transitive-only,0,0,0,
pkg-config,0.3.33,transitive,,transitive-only,0,0,0,
plotters,0.3.7,transitive,,transitive-only,0,0,0,
plotters-backend,0.3.7,transitive,,transitive-only,0,0,0,
plotters-svg,0.3.7,transitive,,transitive-only,0,0,0,
polling,3.11.0,transitive,,transitive-only,0,0,0,
portable-atomic,1.13.1,transitive,,transitive-only,0,0,0,
portable-atomic-util,0.2.7,transitive,,transitive-only,0,0,0,
potential_utf,0.1.5,transitive,,transitive-only,0,0,0,
powerfmt,0.2.0,transitive,,transitive-only,0,0,0,
ppv-lite86,0.2.21,transitive,,transitive-only,0,0,0,
precomputed-hash,0.1.1,transitive,,transitive-only,0,0,0,
prettyplease,0.2.37,transitive,,transitive-only,0,0,0,
proc-macro-crate,3.5.0,transitive,,transitive-only,0,0,0,
proc-macro2,1.0.106,transitive,,transitive-only,0,0,0,
prost,0.14.3,transitive,,transitive-only,0,0,0,
prost-build,0.14.3,transitive,,transitive-only,0,0,0,
prost-derive,0.14.3,transitive,,transitive-only,0,0,0,
prost-types,0.14.3,transitive,,transitive-only,0,0,0,
quinn,0.11.9,transitive,,transitive-only,0,0,0,
quinn-proto,0.11.14,transitive,,transitive-only,0,0,0,
quinn-udp,0.5.14,transitive,,transitive-only,0,0,0,
quote,1.0.45,transitive,,transitive-only,0,0,0,
r-efi,5.3.0,transitive,,transitive-only,0,0,0,
r-efi,6.0.0,transitive,,transitive-only,0,0,0,
radium,0.7.0,transitive,,transitive-only,0,0,0,
radix_trie,0.2.1,transitive,,transitive-only,0,0,0,
rand,0.8.6,transitive,,transitive-only,0,0,0,
rand,0.9.4,transitive,,transitive-only,0,0,0,
rand,0.10.1,transitive,,transitive-only,0,0,0,
rand_chacha,0.3.1,transitive,,transitive-only,0,0,0,
rand_chacha,0.9.0,transitive,,transitive-only,0,0,0,
rand_core,0.6.4,transitive,,transitive-only,0,0,0,
rand_core,0.9.5,transitive,,transitive-only,0,0,0,
rand_core,0.10.1,transitive,,transitive-only,0,0,0,
rand_distr,0.4.3,transitive,,transitive-only,0,0,0,
rand_distr,0.5.1,transitive,,transitive-only,0,0,0,
rand_xoshiro,0.7.0,transitive,,transitive-only,0,0,0,
random_word,0.5.2,transitive,,transitive-only,0,0,0,
rangemap,1.7.1,transitive,,transitive-only,0,0,0,
rawpointer,0.2.1,transitive,,transitive-only,0,0,0,
rayon,1.12.0,direct,cortex-indexer,source-referenced,2,8,6,"rayon::prelude::* | rayon:: | rayon:: {ThreadPool, ThreadPoolBuilder} | rayon::prelude::* | rayon:: | rayon:: {ThreadPool, ThreadPoolBuilder}"
rayon-core,1.13.0,transitive,,transitive-only,0,0,0,
redis,0.32.7,direct,cortex-graph,direct-no-source-imports,0,0,0,
redox_syscall,0.2.16,transitive,,transitive-only,0,0,0,
redox_syscall,0.5.18,transitive,,transitive-only,0,0,0,
redox_users,0.4.6,transitive,,transitive-only,0,0,0,
redox_users,0.5.2,transitive,,transitive-only,0,0,0,
ref-cast,1.0.25,transitive,,transitive-only,0,0,0,
ref-cast-impl,1.0.25,transitive,,transitive-only,0,0,0,
referencing,0.45.1,transitive,,transitive-only,0,0,0,
regex,1.12.3,transitive,,transitive-only,0,0,0,
regex-automata,0.4.14,transitive,,transitive-only,0,0,0,
regex-syntax,0.8.10,transitive,,transitive-only,0,0,0,
relative-path,1.9.3,transitive,,transitive-only,0,0,0,
reqwest,0.12.28,direct,"cortex-cli,cortex-mcp,cortex-vector",source-referenced,1,4,4,"reqwest::header:: | reqwest::header:: {ACCEPT, AUTHORIZATION, HeaderMap, HeaderValue} | reqwest::header:: | reqwest::header:: {ACCEPT, AUTHORIZATION, HeaderMap, HeaderValue}"
reqwest,0.13.4,direct,"cortex-cli,cortex-mcp,cortex-vector",source-referenced,1,4,4,"reqwest::header:: | reqwest::header:: {ACCEPT, AUTHORIZATION, HeaderMap, HeaderValue} | reqwest::header:: | reqwest::header:: {ACCEPT, AUTHORIZATION, HeaderMap, HeaderValue}"
retain_mut,0.1.9,transitive,,transitive-only,0,0,0,
ring,0.17.14,transitive,,transitive-only,0,0,0,
rmcp,1.7.0,direct,cortex-mcp,source-referenced,4,22,18,"rmcp::model:: | rmcp::ServiceExt | rmcp::handler::server::wrapper::Parameters | rmcp::model:: {Annotated, Prompt, PromptArgument, RawResource, Resource} | rmcp::model:: {CallToolResult, Content} | rmcp::model:: {ClientJsonRpcMessage, ServerJsonRpcMessage} | rmcp::model::CallToolResult | rmcp::transport::streamable_http_server:: | rmcp::transport::streamable_http_server:: {StreamableHttpServerConfig, StreamableHttpService, session::local::LocalSessionManager} | rmcp::model::"
rmcp-macros,1.7.0,transitive,,transitive-only,0,0,0,
rmp,0.8.15,transitive,,transitive-only,0,0,0,
rmp-serde,1.3.1,direct,cortex-graph,direct-no-source-imports,0,0,0,
roaring,0.10.12,transitive,,transitive-only,0,0,0,
robust,1.2.0,transitive,,transitive-only,0,0,0,
rsmgclient,3.0.0,direct,cortex-graph,source-referenced,6,14,6,"rsmgclient::QueryParam | rsmgclient:: | rsmgclient:: {ConnectParams, Connection, QueryParam, Record, Value} | rsmgclient::QueryParam | rsmgclient:: | rsmgclient:: {ConnectParams, Connection, QueryParam, Record, Value}"
rsqlite-vfs,0.1.1,transitive,,transitive-only,0,0,0,
rstar,0.12.2,transitive,,transitive-only,0,0,0,
rstest,0.26.1,transitive,,transitive-only,0,0,0,
rstest_macros,0.26.1,transitive,,transitive-only,0,0,0,
rusqlite,0.38.0,direct,"cortex-mcp,cortex-watcher",source-referenced,2,8,6,"rusqlite:: | rusqlite:: {Connection, OptionalExtension, params} | rusqlite:: {Connection, params} | rusqlite:: | rusqlite:: {Connection, OptionalExtension, params} | rusqlite:: {Connection, params}"
rust-stemmers,1.2.0,transitive,,transitive-only,0,0,0,
rustc-hash,2.1.2,transitive,,transitive-only,0,0,0,
rustc_version,0.4.1,transitive,,transitive-only,0,0,0,
rustix,0.38.44,transitive,,transitive-only,0,0,0,
rustix,1.1.4,transitive,,transitive-only,0,0,0,
rustls,0.23.40,transitive,,transitive-only,0,0,0,
rustls-native-certs,0.7.3,transitive,,transitive-only,0,0,0,
rustls-native-certs,0.8.3,transitive,,transitive-only,0,0,0,
rustls-pemfile,2.2.0,transitive,,transitive-only,0,0,0,
rustls-pki-types,1.14.1,transitive,,transitive-only,0,0,0,
rustls-platform-verifier,0.7.0,transitive,,transitive-only,0,0,0,
rustls-platform-verifier-android,0.1.1,transitive,,transitive-only,0,0,0,
rustls-webpki,0.103.13,transitive,,transitive-only,0,0,0,
rustversion,1.0.22,transitive,,transitive-only,0,0,0,
rustyline,17.0.2,direct,cortex-cli,source-referenced,1,4,4,rustyline::DefaultEditor | rustyline::error::ReadlineError | rustyline::DefaultEditor | rustyline::error::ReadlineError
ryu,1.0.23,transitive,,transitive-only,0,0,0,
same-file,1.0.6,transitive,,transitive-only,0,0,0,
schannel,0.1.29,transitive,,transitive-only,0,0,0,
schemars,0.9.0,direct,cortex-mcp,source-referenced,1,2,2,schemars::JsonSchema | schemars::JsonSchema
schemars,1.2.1,direct,cortex-mcp,source-referenced,1,2,2,schemars::JsonSchema | schemars::JsonSchema
schemars_derive,1.2.1,transitive,,transitive-only,0,0,0,
scoped-tls,1.0.1,transitive,,transitive-only,0,0,0,
scopeguard,1.2.0,transitive,,transitive-only,0,0,0,
security-framework,2.11.1,transitive,,transitive-only,0,0,0,
security-framework,3.7.0,transitive,,transitive-only,0,0,0,
security-framework-sys,2.17.0,transitive,,transitive-only,0,0,0,
semver,1.0.28,transitive,,transitive-only,0,0,0,
seq-macro,0.3.6,transitive,,transitive-only,0,0,0,
serde,1.0.228,direct,"cortex-analyzer,cortex-core,cortex-graph,cortex-indexer,cortex-mcp,cortex-parser,cortex-pipeline,cortex-vector,cortex-watcher",source-referenced,52,200,8,"serde:: | serde:: {Deserialize, Serialize} | serde::Serialize | serde:: {Deserialize, Serialize, de::DeserializeOwned} | serde:: | serde:: {Deserialize, Serialize} | serde::Serialize | serde:: {Deserialize, Serialize, de::DeserializeOwned}"
serde_core,1.0.228,transitive,,transitive-only,0,0,0,
serde_derive,1.0.228,transitive,,transitive-only,0,0,0,
serde_derive_internals,0.29.1,transitive,,transitive-only,0,0,0,
serde_json,1.0.150,direct,"cortex-analyzer,cortex-cli,cortex-core,cortex-graph,cortex-indexer,cortex-mcp,cortex-pipeline,cortex-vector,cortex-watcher",source-referenced,20,58,10,"serde_json::Value | serde_json:: | serde_json:: {Value, json} | serde_json::json | serde_json::Value as JsonValue | serde_json::Value | serde_json:: | serde_json:: {Value, json} | serde_json::json | serde_json::Value as JsonValue"
serde_path_to_error,0.1.20,transitive,,transitive-only,0,0,0,
serde_regex,1.1.0,transitive,,transitive-only,0,0,0,
serde_repr,0.1.20,transitive,,transitive-only,0,0,0,
serde_spanned,1.1.1,transitive,,transitive-only,0,0,0,
serde_urlencoded,0.7.1,transitive,,transitive-only,0,0,0,
serde_with,3.20.0,transitive,,transitive-only,0,0,0,
serde_with_macros,3.20.0,transitive,,transitive-only,0,0,0,
serde_yaml,0.9.34+deprecated,direct,cortex-cli,direct-no-source-imports,0,0,0,
sha1,0.10.6,transitive,,transitive-only,0,0,0,
sha1_smol,1.0.1,transitive,,transitive-only,0,0,0,
sha2,0.10.9,direct,cortex-indexer,source-referenced,3,12,4,"sha2:: | sha2:: {Digest, Sha256} | sha2:: | sha2:: {Digest, Sha256}"
sharded-slab,0.1.7,transitive,,transitive-only,0,0,0,
shell-words,1.1.1,transitive,,transitive-only,0,0,0,
shellexpand,3.1.2,transitive,,transitive-only,0,0,0,
shlex,1.3.0,transitive,,transitive-only,0,0,0,
signal-hook-registry,1.4.8,transitive,,transitive-only,0,0,0,
simd-adler32,0.3.9,transitive,,transitive-only,0,0,0,
simd_cesu8,1.1.1,transitive,,transitive-only,0,0,0,
simdutf8,0.1.5,transitive,,transitive-only,0,0,0,
similar,2.7.0,transitive,,transitive-only,0,0,0,
siphasher,1.0.3,transitive,,transitive-only,0,0,0,
sketches-ddsketch,0.3.1,transitive,,transitive-only,0,0,0,
slab,0.4.12,transitive,,transitive-only,0,0,0,
sled,0.34.7,direct,cortex-indexer,direct-no-source-imports,0,0,0,
smallvec,1.15.1,transitive,,transitive-only,0,0,0,
snafu,0.8.9,transitive,,transitive-only,0,0,0,
snafu-derive,0.8.9,transitive,,transitive-only,0,0,0,
socket2,0.5.10,transitive,,transitive-only,0,0,0,
socket2,0.6.3,transitive,,transitive-only,0,0,0,
spade,2.15.1,transitive,,transitive-only,0,0,0,
sqlite-wasm-rs,0.5.5,transitive,,transitive-only,0,0,0,
sqlparser,0.59.0,transitive,,transitive-only,0,0,0,
sqlparser_derive,0.3.0,transitive,,transitive-only,0,0,0,
sse-stream,0.2.3,transitive,,transitive-only,0,0,0,
stable_deref_trait,1.2.1,transitive,,transitive-only,0,0,0,
std_prelude,0.2.12,transitive,,transitive-only,0,0,0,
stfu8,0.2.7,transitive,,transitive-only,0,0,0,
streaming-iterator,0.1.9,transitive,,transitive-only,0,0,0,
string_cache,0.8.9,transitive,,transitive-only,0,0,0,
strsim,0.11.1,transitive,,transitive-only,0,0,0,
structmeta,0.3.0,transitive,,transitive-only,0,0,0,
structmeta-derive,0.3.0,transitive,,transitive-only,0,0,0,
strum,0.26.3,transitive,,transitive-only,0,0,0,
strum_macros,0.26.4,transitive,,transitive-only,0,0,0,
subtle,2.6.1,transitive,,transitive-only,0,0,0,
syn,1.0.109,transitive,,transitive-only,0,0,0,
syn,2.0.117,transitive,,transitive-only,0,0,0,
sync_wrapper,1.0.2,transitive,,transitive-only,0,0,0,
synstructure,0.13.2,transitive,,transitive-only,0,0,0,
tagptr,0.2.0,transitive,,transitive-only,0,0,0,
tantivy,0.24.2,transitive,,transitive-only,0,0,0,
tantivy-bitpacker,0.8.0,transitive,,transitive-only,0,0,0,
tantivy-columnar,0.5.0,transitive,,transitive-only,0,0,0,
tantivy-common,0.9.0,transitive,,transitive-only,0,0,0,
tantivy-fst,0.5.0,transitive,,transitive-only,0,0,0,
tantivy-query-grammar,0.24.0,transitive,,transitive-only,0,0,0,
tantivy-sstable,0.5.0,transitive,,transitive-only,0,0,0,
tantivy-stacker,0.5.0,transitive,,transitive-only,0,0,0,
tantivy-tokenizer-api,0.5.0,transitive,,transitive-only,0,0,0,
tap,1.0.1,transitive,,transitive-only,0,0,0,
tempfile,3.27.0,direct,"cortex-core,cortex-graph,cortex-indexer,cortex-mcp,cortex-vector,cortex-watcher",source-referenced,13,26,6,tempfile::TempDir | tempfile::tempdir | tempfile::tempfile | tempfile::TempDir | tempfile::tempdir | tempfile::tempfile
term,0.7.0,transitive,,transitive-only,0,0,0,
testcontainers,0.27.3,direct,cortex-graph,direct-no-source-imports,0,0,0,
thiserror,1.0.69,direct,"cortex-core,cortex-mcp,cortex-vector,cortex-watcher",source-referenced,1,2,2,thiserror::Error | thiserror::Error
thiserror,2.0.18,direct,"cortex-core,cortex-mcp,cortex-vector,cortex-watcher",source-referenced,1,2,2,thiserror::Error | thiserror::Error
thiserror-impl,1.0.69,transitive,,transitive-only,0,0,0,
thiserror-impl,2.0.18,transitive,,transitive-only,0,0,0,
thread-tree,0.3.3,transitive,,transitive-only,0,0,0,
thread_local,1.1.9,transitive,,transitive-only,0,0,0,
time,0.3.47,transitive,,transitive-only,0,0,0,
time-core,0.1.8,transitive,,transitive-only,0,0,0,
time-macros,0.2.27,transitive,,transitive-only,0,0,0,
tiny-keccak,2.0.2,transitive,,transitive-only,0,0,0,
tinystr,0.8.3,transitive,,transitive-only,0,0,0,
tinytemplate,1.2.1,transitive,,transitive-only,0,0,0,
tinyvec,1.11.0,transitive,,transitive-only,0,0,0,
tinyvec_macros,0.1.1,transitive,,transitive-only,0,0,0,
tokio,1.52.3,direct,"cortex-cli,cortex-graph,cortex-indexer,cortex-mcp,cortex-pipeline,cortex-vector,cortex-watcher",source-referenced,14,32,22,"tokio::time::timeout | tokio::sync::RwLock | tokio::runtime::Runtime | tokio::sync:: | tokio::sync:: {Mutex, Semaphore, SemaphorePermit} | tokio::sync::Mutex | tokio::sync::Mutex as AsyncMutex | tokio::sync::mpsc | tokio::task::JoinSet | tokio::time"
tokio-macros,2.7.0,transitive,,transitive-only,0,0,0,
tokio-rustls,0.26.4,transitive,,transitive-only,0,0,0,
tokio-stream,0.1.18,direct,cortex-mcp,direct-unused-candidate,0,0,0,
tokio-tungstenite,0.29.0,direct,"cortex-cli,cortex-mcp",source-referenced,2,8,6,tokio_tungstenite::connect_async | tokio_tungstenite::tungstenite::Message | tokio_tungstenite::tungstenite::Message as WsMessage | tokio_tungstenite::connect_async | tokio_tungstenite::tungstenite::Message | tokio_tungstenite::tungstenite::Message as WsMessage
tokio-util,0.7.18,transitive,,transitive-only,0,0,0,
toml,1.1.2+spec-1.1.0,direct,cortex-core,direct-no-source-imports,0,0,0,
toml_datetime,1.1.1+spec-1.1.0,transitive,,transitive-only,0,0,0,
toml_edit,0.25.11+spec-1.1.0,transitive,,transitive-only,0,0,0,
toml_parser,1.1.2+spec-1.1.0,transitive,,transitive-only,0,0,0,
toml_writer,1.1.1+spec-1.1.0,transitive,,transitive-only,0,0,0,
tonic,0.14.6,transitive,,transitive-only,0,0,0,
tonic-prost,0.14.6,transitive,,transitive-only,0,0,0,
tower,0.5.3,transitive,,transitive-only,0,0,0,
tower-http,0.6.11,transitive,,transitive-only,0,0,0,
tower-layer,0.3.3,transitive,,transitive-only,0,0,0,
tower-service,0.3.3,transitive,,transitive-only,0,0,0,
tracing,0.1.44,direct,"cortex-graph,cortex-indexer,cortex-mcp,cortex-pipeline,cortex-vector,cortex-watcher",source-referenced,13,46,20,"tracing:: | tracing::warn | tracing:: {debug, info, instrument, warn} | tracing:: {debug, instrument} | tracing:: {Level, debug, info, instrument, span, warn} | tracing:: {Level, info, instrument, span} | tracing:: {debug, info} | tracing:: {debug, instrument, warn} | tracing:: {info, instrument} | tracing:: {info, warn}"
tracing-attributes,0.1.31,transitive,,transitive-only,0,0,0,
tracing-core,0.1.36,transitive,,transitive-only,0,0,0,
tracing-log,0.2.0,transitive,,transitive-only,0,0,0,
tracing-subscriber,0.3.23,direct,cortex-cli,source-referenced,1,2,2,tracing_subscriber::EnvFilter | tracing_subscriber::EnvFilter
tree-sitter,0.26.9,direct,cortex-parser,source-referenced,16,74,12,"tree_sitter::Parser | tree_sitter:: | tree_sitter::Query | tree_sitter:: {Query, QueryCursor, StreamingIterator} | tree_sitter:: {Language, Parser, Tree} | tree_sitter:: {Node, Query, QueryCursor, StreamingIterator, Tree} | tree_sitter::Parser | tree_sitter:: | tree_sitter::Query | tree_sitter:: {Query, QueryCursor, StreamingIterator}"
tree-sitter-bash,0.25.1,direct,cortex-parser,direct-no-source-imports,0,0,0,
tree-sitter-c,0.24.2,direct,cortex-parser,direct-no-source-imports,0,0,0,
tree-sitter-cpp,0.23.4,direct,cortex-parser,direct-no-source-imports,0,0,0,
tree-sitter-go,0.25.0,direct,cortex-parser,direct-no-source-imports,0,0,0,
tree-sitter-java,0.23.5,direct,cortex-parser,direct-no-source-imports,0,0,0,
tree-sitter-javascript,0.25.0,direct,cortex-parser,direct-no-source-imports,0,0,0,
tree-sitter-json,0.24.8,direct,cortex-parser,direct-no-source-imports,0,0,0,
tree-sitter-kotlin-ng,1.1.0,direct,cortex-parser,direct-no-source-imports,0,0,0,
tree-sitter-language,0.1.7,transitive,,transitive-only,0,0,0,
tree-sitter-php,0.24.2,direct,cortex-parser,direct-no-source-imports,0,0,0,
tree-sitter-python,0.25.0,direct,cortex-parser,direct-no-source-imports,0,0,0,
tree-sitter-ruby,0.23.1,direct,cortex-parser,direct-no-source-imports,0,0,0,
tree-sitter-rust,0.24.2,direct,cortex-parser,direct-no-source-imports,0,0,0,
tree-sitter-swift,0.7.2,direct,cortex-parser,direct-no-source-imports,0,0,0,
tree-sitter-typescript,0.23.2,direct,cortex-parser,direct-no-source-imports,0,0,0,
try-lock,0.2.5,transitive,,transitive-only,0,0,0,
tungstenite,0.29.0,transitive,,transitive-only,0,0,0,
twox-hash,2.1.2,transitive,,transitive-only,0,0,0,
typenum,1.20.0,transitive,,transitive-only,0,0,0,
unicase,2.9.0,transitive,,transitive-only,0,0,0,
unicode-general-category,1.1.0,transitive,,transitive-only,0,0,0,
unicode-ident,1.0.24,transitive,,transitive-only,0,0,0,
unicode-normalization,0.1.25,transitive,,transitive-only,0,0,0,
unicode-segmentation,1.13.2,transitive,,transitive-only,0,0,0,
unicode-width,0.2.2,transitive,,transitive-only,0,0,0,
unicode-xid,0.2.6,transitive,,transitive-only,0,0,0,
unit-prefix,0.5.2,transitive,,transitive-only,0,0,0,
unsafe-libyaml,0.2.11,transitive,,transitive-only,0,0,0,
untrusted,0.9.0,transitive,,transitive-only,0,0,0,
unty,0.0.4,transitive,,transitive-only,0,0,0,
ureq,3.3.0,transitive,,transitive-only,0,0,0,
ureq-proto,0.6.0,transitive,,transitive-only,0,0,0,
url,2.5.8,transitive,,transitive-only,0,0,0,
utf8-ranges,1.0.5,transitive,,transitive-only,0,0,0,
utf8-zero,0.8.1,transitive,,transitive-only,0,0,0,
utf8_iter,1.0.4,transitive,,transitive-only,0,0,0,
utf8parse,0.2.2,transitive,,transitive-only,0,0,0,
uuid,1.23.1,direct,cortex-mcp,source-referenced,1,2,2,uuid::Uuid | uuid::Uuid
uuid-simd,0.8.0,transitive,,transitive-only,0,0,0,
valuable,0.1.1,transitive,,transitive-only,0,0,0,
value-bag,1.12.0,transitive,,transitive-only,0,0,0,
vcpkg,0.2.15,transitive,,transitive-only,0,0,0,
version_check,0.9.5,transitive,,transitive-only,0,0,0,
virtue,0.0.18,transitive,,transitive-only,0,0,0,
vsimd,0.8.0,transitive,,transitive-only,0,0,0,
walkdir,2.5.0,direct,cortex-pipeline,direct-no-source-imports,0,0,0,
want,0.3.1,transitive,,transitive-only,0,0,0,
wasi,0.11.1+wasi-snapshot-preview1,transitive,,transitive-only,0,0,0,
wasip2,1.0.3+wasi-0.2.9,transitive,,transitive-only,0,0,0,
wasip3,0.4.0+wasi-0.3.0-rc-2026-01-06,transitive,,transitive-only,0,0,0,
wasm-bindgen,0.2.122,transitive,,transitive-only,0,0,0,
wasm-bindgen-futures,0.4.72,transitive,,transitive-only,0,0,0,
wasm-bindgen-macro,0.2.122,transitive,,transitive-only,0,0,0,
wasm-bindgen-macro-support,0.2.122,transitive,,transitive-only,0,0,0,
wasm-bindgen-shared,0.2.122,transitive,,transitive-only,0,0,0,
wasm-encoder,0.244.0,transitive,,transitive-only,0,0,0,
wasm-metadata,0.244.0,transitive,,transitive-only,0,0,0,
wasm-streams,0.4.2,transitive,,transitive-only,0,0,0,
wasmparser,0.244.0,transitive,,transitive-only,0,0,0,
web-sys,0.3.99,transitive,,transitive-only,0,0,0,
web-time,1.1.0,transitive,,transitive-only,0,0,0,
webpki-root-certs,1.0.7,transitive,,transitive-only,0,0,0,
webpki-roots,0.26.11,transitive,,transitive-only,0,0,0,
webpki-roots,1.0.7,transitive,,transitive-only,0,0,0,
winapi,0.3.9,transitive,,transitive-only,0,0,0,
winapi-i686-pc-windows-gnu,0.4.0,transitive,,transitive-only,0,0,0,
winapi-util,0.1.11,transitive,,transitive-only,0,0,0,
winapi-x86_64-pc-windows-gnu,0.4.0,transitive,,transitive-only,0,0,0,
windows-core,0.62.2,transitive,,transitive-only,0,0,0,
windows-implement,0.60.2,transitive,,transitive-only,0,0,0,
windows-interface,0.59.3,transitive,,transitive-only,0,0,0,
windows-link,0.2.1,transitive,,transitive-only,0,0,0,
windows-result,0.4.1,transitive,,transitive-only,0,0,0,
windows-strings,0.5.1,transitive,,transitive-only,0,0,0,
windows-sys,0.48.0,transitive,,transitive-only,0,0,0,
windows-sys,0.52.0,transitive,,transitive-only,0,0,0,
windows-sys,0.59.0,transitive,,transitive-only,0,0,0,
windows-sys,0.60.2,transitive,,transitive-only,0,0,0,
windows-sys,0.61.2,transitive,,transitive-only,0,0,0,
windows-targets,0.48.5,transitive,,transitive-only,0,0,0,
windows-targets,0.52.6,transitive,,transitive-only,0,0,0,
windows-targets,0.53.5,transitive,,transitive-only,0,0,0,
windows_aarch64_gnullvm,0.48.5,transitive,,transitive-only,0,0,0,
windows_aarch64_gnullvm,0.52.6,transitive,,transitive-only,0,0,0,
windows_aarch64_gnullvm,0.53.1,transitive,,transitive-only,0,0,0,
windows_aarch64_msvc,0.48.5,transitive,,transitive-only,0,0,0,
windows_aarch64_msvc,0.52.6,transitive,,transitive-only,0,0,0,
windows_aarch64_msvc,0.53.1,transitive,,transitive-only,0,0,0,
windows_i686_gnu,0.48.5,transitive,,transitive-only,0,0,0,
windows_i686_gnu,0.52.6,transitive,,transitive-only,0,0,0,
windows_i686_gnu,0.53.1,transitive,,transitive-only,0,0,0,
windows_i686_gnullvm,0.52.6,transitive,,transitive-only,0,0,0,
windows_i686_gnullvm,0.53.1,transitive,,transitive-only,0,0,0,
windows_i686_msvc,0.48.5,transitive,,transitive-only,0,0,0,
windows_i686_msvc,0.52.6,transitive,,transitive-only,0,0,0,
windows_i686_msvc,0.53.1,transitive,,transitive-only,0,0,0,
windows_x86_64_gnu,0.48.5,transitive,,transitive-only,0,0,0,
windows_x86_64_gnu,0.52.6,transitive,,transitive-only,0,0,0,
windows_x86_64_gnu,0.53.1,transitive,,transitive-only,0,0,0,
windows_x86_64_gnullvm,0.48.5,transitive,,transitive-only,0,0,0,
windows_x86_64_gnullvm,0.52.6,transitive,,transitive-only,0,0,0,
windows_x86_64_gnullvm,0.53.1,transitive,,transitive-only,0,0,0,
windows_x86_64_msvc,0.48.5,transitive,,transitive-only,0,0,0,
windows_x86_64_msvc,0.52.6,transitive,,transitive-only,0,0,0,
windows_x86_64_msvc,0.53.1,transitive,,transitive-only,0,0,0,
winnow,1.0.3,transitive,,transitive-only,0,0,0,
wit-bindgen,0.51.0,transitive,,transitive-only,0,0,0,
wit-bindgen,0.57.1,transitive,,transitive-only,0,0,0,
wit-bindgen-core,0.51.0,transitive,,transitive-only,0,0,0,
wit-bindgen-rust,0.51.0,transitive,,transitive-only,0,0,0,
wit-bindgen-rust-macro,0.51.0,transitive,,transitive-only,0,0,0,
wit-component,0.244.0,transitive,,transitive-only,0,0,0,
wit-parser,0.244.0,transitive,,transitive-only,0,0,0,
wkb,0.9.2,transitive,,transitive-only,0,0,0,
wkt,0.14.0,transitive,,transitive-only,0,0,0,
writeable,0.6.3,transitive,,transitive-only,0,0,0,
wyz,0.5.1,transitive,,transitive-only,0,0,0,
xattr,1.6.1,transitive,,transitive-only,0,0,0,
xxhash-rust,0.8.15,transitive,,transitive-only,0,0,0,
yoke,0.8.2,transitive,,transitive-only,0,0,0,
yoke-derive,0.8.2,transitive,,transitive-only,0,0,0,
zerocopy,0.8.48,transitive,,transitive-only,0,0,0,
zerocopy-derive,0.8.48,transitive,,transitive-only,0,0,0,
zerofrom,0.1.8,transitive,,transitive-only,0,0,0,
zerofrom-derive,0.1.7,transitive,,transitive-only,0,0,0,
zeroize,1.8.2,transitive,,transitive-only,0,0,0,
zerotrie,0.2.4,transitive,,transitive-only,0,0,0,
zerovec,0.11.6,transitive,,transitive-only,0,0,0,
zerovec-derive,0.11.3,transitive,,transitive-only,0,0,0,
zmij,1.0.21,transitive,,transitive-only,0,0,0,
zstd,0.13.3,transitive,,transitive-only,0,0,0,
zstd-safe,7.2.4,transitive,,transitive-only,0,0,0,
zstd-sys,2.0.16+zstd.1.5.7,transitive,,transitive-only,0,0,0,
